<?xml version="1.0" encoding="UTF-8"?>
<root>
  <item name="nl.changer.polypicker.Config.Builder nl.changer.polypicker.Config.Builder setCameraButtonColor(int) 0">
    <annotation name="android.support.annotation.ColorRes" />
  </item>
  <item name="nl.changer.polypicker.Config.Builder nl.changer.polypicker.Config.Builder setTabBackgroundColor(int) 0">
    <annotation name="android.support.annotation.ColorRes" />
  </item>
  <item name="nl.changer.polypicker.Config.Builder nl.changer.polypicker.Config.Builder setTabSelectionIndicatorColor(int) 0">
    <annotation name="android.support.annotation.ColorRes" />
  </item>
</root>

